Ngramme	Frequence
 et	1122
et 	1099
nt 	1019
le 	669
ent	628
 de	564
re 	533
it 	530
 li	511
 le	507
t e	498
es 	496
en 	469
us 	468
il 	464
li 	463
ns 	446
 en	406
s e	406
t l	406
e e	403
st 	394
 vo	393
ant	380
 si	359
 il	347
de 	346
 qu	346
me 	339
 la	338
 se	334
 mo	328
t d	328
 co	327
oit	324
ous	324
ist	322
 a 	320
és 	314
ire	309
ier	305
t a	303
t s	302
e s	301
e l	299
ren	289
est	285
e d	282
 di	281
la 	274
ele	274
ame	265
si 	263
ut 	259
 sa	257
ne 	256
 da	252
 ma	249
t m	248
e v	246
 me	243
dam	237
se 	235
que	232
e c	226
ens	226
er 	224
vou	220
s d	219
e f	215
 es	215
 so	212
ie 	211
sir	211
is 	207
ien	205
 ke	204
fai	204
 jo	202
rs 	200
 po	197
out	197
 fi	196
ais	195
voi	194
oie	193
ke 	193
t i	192
our	190
 fa	189
ou 	187
 pa	184
 ne	184
e p	183
ont	182
 vi	182
 el	182
s l	181
e m	178
dis	178
par	177
 av	172
 fu	171
on 	171
mou	169
ur 	169
ere	168
tre	166
ran	164
s a	161
tie	158
e t	158
 gr	158
 pr	157
or 	157
t p	156
 do	155
men	155
ait	155
avo	151
toi	150
s m	146
gra	146
a l	145
s p	144
les	144
a d	144
sen	142
ui 	139
sto	138
e a	138
 bi	137
s s	137
 au	137
roi	137
i e	136
r e	136
ar 	134
ons	134
 re	134
i l	133
mes	133
jou	133
mai	130
sou	130
con	129
int	129
t v	129
t c	126
res	125
bie	124
i q	122
 no	121
ure	121
ans	120
ir 	120
aus	119
 ki	119
ain	118
i d	118
el 	118
 lo	117
ers	116
iés	116
t f	115
sa 	115
 ce	114
 to	114
te 	113
i s	113
 ti	112
aut	112
 ca	110
e n	110
vin	109
eur	108
t b	107
fu 	106
ue 	105
s v	104
ill	103
ise	103
s f	102
des	102
 pe	101
pri	101
ven	101
 ch	99
s c	99
 fo	98
e j	98
a e	96
lle	95
com	95
esi	95
tou	94
son	94
che	93
t j	92
lie	92
tan	91
 un	91
l l	91
r l	90
a a	90
t t	89
qua	88
len	88
dan	88
ki 	87
eva	87
l e	87
nou	87
 pl	87
uda	87
nte	86
 ap	86
ris	86
t k	85
oud	85
a c	84
uan	84
oi 	84
n s	83
uen	83
ost	83
t q	83
tes	83
i f	83
oun	83
man	82
ois	82
s k	82
fis	82
une	81
str	81
oir	80
i m	80
a m	80
r d	79
bau	79
 ve	79
e i	79
ai 	79
car	78
i a	78
and	78
ieb	77
eba	77
ins	77
i c	77
ste	77
qui	76
 mi	76
n f	75
mon	75
n e	74
au 	74
ign	74
mar	73
s n	73
lai	73
 te	72
nie	72
dem	71
n p	70
rai	70
fil	69
 ta	69
u s	69
s i	68
eme	68
iso	67
don	66
 je	66
ron	66
nti	65
ee 	65
mie	64
dou	63
ter	63
cor	63
ler	62
iel	62
u e	61
lor	61
art	60
rt 	60
ol 	60
ema	60
e k	60
l s	60
t n	59
s o	59
e b	59
n l	59
i p	59
 bo	58
soi	58
ot 	57
mol	57
olt	57
lt 	57
enc	57
ses	57
 cr	57
 ço	57
voe	57
s t	57
pou	57
 on	56
ali	56
n a	56
 su	56
r s	56
çou	56
ors	56
ces	56
e q	56
l v	56
vol	56
iu 	55
val	54
s q	54
 al	54
hev	53
 ho	53
oin	53
lui	53
e g	53
r m	52
 fe	52
 i 	52
a g	52
in 	52
cou	52
lan	51
mme	51
rés	51
sei	51
 tr	51
por	50
je 	50
moi	50
ell	50
 lu	50
utr	50
uis	50
r a	50
aro	50
ole	50
a f	49
ce 	49
pre	49
ore	49
t g	49
air	49
fol	49
eig	49
l p	49
dev	49
ser	48
té 	48
n d	48
esp	48
ale	47
da 	47
omm	47
 ot	46
sse	46
ec 	46
chi	46
 or	46
 am	45
n c	45
sai	45
ten	45
rem	45
t r	45
pon	44
rie	44
om 	44
 va	44
vos	44
iss	44
ort	44
a s	43
e r	43
nse	43
iau	43
u m	43
fur	43
e o	43
boi	42
ine	42
age	42
as 	42
apr	42
ero	42
u l	42
gno	42
vie	42
 du	41
a t	41
l a	40
mer	40
ia 	40
 t 	40
joi	40
tro	40
for	40
loi	40
r c	40
na 	39
cel	39
n m	39
neu	39
nda	39
leu	39
dir	39
end	39
ra 	39
 j 	38
 qe	38
gne	38
plu	38
i t	37
l n	37
t o	37
sui	37
eüs	37
a v	37
ite	37
nés	37
oec	37
vés	37
i v	37
 nu	36
t u	36
nté	36
u p	36
ntr	36
u a	36
r t	36
t h	36
uer	36
uel	36
mis	36
 oï	36
nsi	36
ouv	36
pla	36
u c	35
un 	35
pai	35
an 	35
l d	35
 ai	35
amb	35
uil	35
rou	35
lus	35
ère	35
ies	35
arr	35
uni	35
u d	34
s b	34
vit	34
pie	34
ert	34
gen	34
é e	34
diu	34
 pu	34
nde	34
san	34
fer	34
r i	34
ma 	33
l m	33
ge 	33
ari	33
 as	33
 cu	33
 ci	33
rié	33
s j	33
 u 	33
nor	33
nos	33
r v	33
ndi	33
 at	33
r p	33
ave	33
rer	33
nt
	32
s g	32
 ge	32
 ha	32
l f	32
err	32
ene	32
lli	32
ner	32
avé	32
rra	32
ta 	32
nre	32
van	32
ala	32
 ba	31
et
	31
n g	31
rre	31
ble	31
pen	31
era	31
cha	31
nco	31
ues	31
sie	30
lla	30
poi	30
mor	30
uns	30
kil	30
urs	30
sar	30
 b 	30
ute	29
 na	29
eni	29
ust	29
 dé	29
ij 	29
ré 	29
i o	29
reu	28
noi	28
u n	28
i j	28
qen	28
nsa	28
sam	28
a p	28
eve	28
tiu	27
eut	27
ret	27
l b	27
isi	27
pui	27
u v	27
are	27
inr	27
c l	27
oii	27
esc	26
scu	26
cui	26
r f	26
ll 	26
erv	26
ngi	26
os 	26
apa	26
usi	26
dit	26
env	26
enu	26
rte	26
rti	26
tur	26
eri	25
doi	25
 eu	25
l c	25
arm	25
ius	25
cil	25
oia	25
nra	25
nir	25
oci	25
 ra	25
evi	25
eti	24
n t	24
api	24
eus	24
 ro	24
die	24
mbl	24
poo	24
nen	24
ver	24
rel	24
a b	24
i k	24
 pi	24
vre	23
dol	23
 ar	23
per	23
rès	23
ès 	23
l j	23
enr	23
 be	23
cun	23
emi	23
eil	23
oï 	23
ond	23
sti	23
gie	23
sis	23
s h	22

et	22
e u	22
amo	22
n v	22
tés	22
ume	22
iex	22
ié 	22
 ga	22
ose	22
rch	22
eu 	22
gni	22
omp	22
lar	22
ard	22
n k	22
r n	22
nqu	22
arc	22
vai	21
one	21
lié	21
oel	21
ex 	21
r k	21
mi 	21
s r	21
ssa	21
pro	21
r q	21
lés	21
anc	21
tor	21
sav	21
 fr	21
ét 	21
arl	21
spo	21
a n	20
non	20
ail	20
 an	20
rut	20
nce	20
vau	20
hie	20
rvi	20
ras	20
r j	20
cos	20
jor	20
 mu	20
ooi	20
nch	20
mpa	20
gar	20
mal	20
hou	20
sac	20
ena	20
i b	20
ieu	19
bon	19
eno	19

da	19

de	19
nee	19
urn	19
i i	19
 e 	19
prè	19
aum	19
u f	19
equ	19
rne	19
 ju	19
i r	19
ata	19
tit	19
ssi	19
onq	19
 d 	19
cre	19
sié	19
cro	19
l o	18
oum	18
é d	18
seu	18
hau	18
l i	18
t ç	18
asc	18
uit	18
ess	18
bel	18
uve	18
va 	18
pet	18
ve 	18
di 	18
l r	18
fre	18
eto	18
 oc	18
vir	18
ntu	18
hié	18
ef 	18
der	18
raz	18
azi	18
zin	18
pas	17
nul	17
n i	17
ola	17
ria	17
eng	17
rme	17
fiu	17
le
	17
üst	17
cue	17
re
	17
fus	17
req	17
gié	17
cis	17
del	17
ive	17
orn	17
é s	17
bre	17
i n	17
emo	17
fie	17
tol	17
rev	17
ivr	17
ira	17
sag	17
irs	16
eud	16
l k	16
hom	16

li	16
u r	16
nes	16
kll	16
lou	16
i u	16
 dr	16
avi	16
lon	16
ast	16
 ij	16
e h	16
aig	16
 ir	16
iie	16
ech	16
esf	16
a q	16
rir	16
uta	16
n r	16
olo	16
ean	16
ass	15
uma	15
n o	15
udo	15
lia	15
ut
	15
ape	15
ela	15
bia	15
cru	15
ix 	15
a u	15
ha 	15
n u	15
ong	15
ple	15
dro	15
liv	15
rei	15
ti 	15
rec	15
uid	15
pee	15
 kl	15
 g 	15
nvo	15
bar	15
du 	14
l t	14
it
	14
es
	14
tré	14
fem	14
ves	14
tos	14
pel	14
ie
	14

vo	14
n n	14
nui	14
dés	14
e ç	14
tai	14
ang	14
éré	14
iro	14
ato	14
use	14
 ii	14
tel	14
spe	14
ete	14
n j	14
esm	14
ule	14
u i	14
tir	14
stu	14
viv	14
fes	14
sme	13
ul 	13
cri	13
s
d	13
rmi	13
en
	13
seg	13
egn	13
hoi	13
hon	13
us
	13
t
d	13
alo	13
u k	13
sel	13
st
	13
esa	13
 ja	13
uno	13
lav	13
lis	13
ree	13
bla	13
auc	13
 k 	13
pré	13
von	13
iij	13
iér	13
isa	13
cho	13
 gu	13
 ia	13
 c 	13
dau	13
eté	13

mo	12
onc	12
dom	12
m e	12
m i	12

il	12
squ	12
n q	12
dun	12
 ie	12
a j	12
u q	12
cas	12
lit	12
vra	12
 br	12
bra	12
t
e	12
hes	12
sap	12
nai	12
has	12
erc	12
vil	12
ura	12
ove	12
lau	12
auv	12
r g	12
nié	12
oli	12
onn	12
i g	12
peü	12
sin	12
ené	12
coi	12
una	12
foi	12
 ac	12
aco	12
dép	12
 né	12
iec	11
cle	11
cli	11
nav	11
pov	11
ovr	11
tem	11
me
	11
is
	11
lap	11
s
e	11
ns
	11
veu	11
t
l	11
e
f	11
eür	11
dui	11
su 	11
 eü	11
otr	11
r u	11
rin	11
eta	11
mbr	11
ate	11
rné	11
ése	11
 gi	11
oro	11
nue	11
sil	11
fix	11
r r	11
he 	11
f e	11
asi	11
enf	11
rle	11
via	11
quo	11
pol	10
 a
	10
t
m	10
e
d	10
emm	10
j a	10
rep	10
iem	10

me	10
 h 	10

se	10
il
	10
thi	10
tin	10

di	10
jo 	10
onr	10
ges	10
eoi	10
vis	10
ori	10
esu	10
üss	10
ués	10
u b	10
cie	10
tra	10
 em	10
olé	10
pal	10
lef	10
ile	10
 os	10
teu	10
lev	10
uva	10
tf 	10
rda	10
sal	10
nvi	10
ece	10
pié	10
be 	10
plo	10
dur	10
las	10
aie	10
iré	10
ram	10
ion	10
rla	10
nag	10
 ri	10
nel	10
rta	10
épa	10
a o	10
ndr	10
éri	10
hea	10
uoi	10
 oi	9
de
	9
emp	9
e
e	9
pli	9
qel	9
n b	9
ngn	9
a
d	9
lot	9

es	9

do	9
e
m	9
r o	9
oïr	9
jhe	9
apo	9
qué	9
nst	9
urt	9
rto	9
sau	9
efr	9
fro	9
sés	9
uet	9
his	9
nc 	9
c e	9
cam	9
tri	9
ide	9
üre	9
arg	9
liu	9
gui	9
ton	9
ei 	9
cer	9
nu 	9
em 	9
m p	9
cir	9
dèr	9
aou	9
u o	9
iit	9
 m 	9
 ni	9
ach	9
rol	9
r ç	9
nèr	9
 ou	9
rce	9
 vé	9
iét	9
 af	9
afa	9
loy	9
oy 	9
b e	9
anl	9
rtr	9
lak	9
aki	9
kin	9
al 	8
ama	8
meï	8
eïs	8
ïsm	8
ina	8

qu	8

au	8

ma	8

en	8
iut	8
den	8
oru	8
la
	8
isn	8
sni	8
e
p	8
més	8
n h	8
kel	8
m v	8
on
	8
s
l	8
rs
	8
iee	8
iag	8
ian	8
 th	8
e
l	8
pes	8
jak	8
ake	8

fa	8
 jh	8
e
v	8
uie	8
peu	8
rci	8
vér	8
r b	8
jes	8
iev	8
rse	8
iti	8
tc 	8
t
a	8
sus	8
ça 	8
esl	8
tis	8
veü	8
ani	8
é a	8
lu 	8
u t	8
ese	8
j l	8
vré	8
elu	8
gre	8
a r	8
sca	8
ca 	8
hem	8
ita	8
rde	8
ndè	8
a i	8
eüe	8
üe 	8
 s 	8
dav	8
oïe	8
f d	8
ndu	8
arb	8
mav	8
d d	8
 mé	8
mét	8
étr	8
fon	8
nef	8
sor	8
dre	8
mma	8
pec	8
x l	8
oul	8
ami	8
onf	8
fra	8
ecl	7
ncl	7
ice	7
t
i	7
ou
	7
pau	7
ir
	7
ono	7
rbe	7
és
	7

si	7

le	7

a 	7
ome	7
uir	7
 v 	7
orm	7
seü	7
rté	7
loï	7
lé 	7
gal	7
vei	7
oïl	7
ïl 	7
spa	7
jur	7
c v	7
eré	7
har	7

vi	7
 f 	7
sté	7
sot	7
rov	7
 tu	7
hai	7
td 	7
mau	7
rge	7
ati	7
üs 	7
ja 	7
iié	7
a k	7
rve	7
gue	7
eso	7
 bl	7
 bu	7
sso	7
é l	7
iis	7
gré	7
eü 	7
nut	7
ïe 	7
b c	7
th 	7
h e	7
 ab	7
rue	7
trè	7
enè	7
 er	7
mpl	7
veo	7
rit	7
ité	7
tb 	7
jue	7
tui	7
nll	7
rao	7
j c	6
ace	6
s
a	6
ua 	6
ée 	6
ne
	6
esq	6
tep	6
epl	6
li
	6
erm	6
te
	6
uté	6
n
s	6
x s	6
j p	6
e
a	6

jo	6

mi	6
ndo	6
esv	6
vel	6
ai
	6
déd	6
édu	6
or
	6
aim	6
pos	6
avr	6
ndé	6
ï s	6
nta	6
nge	6
l g	6
mue	6
s u	6
uru	6
mur	6
vèr	6
tié	6

ne	6
ic 	6
aid	6
bat	6
fau	6
sce	6
cen	6
esg	6
sga	6
e
c	6
nme	6

fo	6
aba	6
lee	6
reg	6

la	6
j e	6
nve	6
cop	6
op 	6
bai	6
jet	6
pot	6
nus	6
lir	6
dus	6
rqu	6
uro	6
met	6
ési	6
ii 	6
orc	6
u j	6
eli	6
é k	6
egi	6
due	6
ava	6
hi 	6
m l	6
paï	6
aïs	6
ïs 	6
sf 	6
ouf	6
éli	6
gis	6
cié	6
fui	6
nem	6
ri 	6
c d	6
sfa	6
ief	6
ïr 	6
ric	6
abl	6
usa	6
b l	6
alé	6
elo	6
sch	6
gem	6
pra	6
nfa	6
fan	6
ur
	5
t
j	5
j f	5
e
s	5
t
b	5

ve	5
ded	5
ede	5
epa	5
r
d	5
iri	5
e
t	5

ta	5
o d	5
nro	5

so	5

gn	5
leq	5
m m	5
ue
	5
jai	5
ull	5
ona	5
se
	5
tar	5
dal	5
stl	5
s ç	5
j j	5
t
s	5
ce
	5
gri	5
er
	5
eés	5
oés	5
ees	5

el	5
uvi	5
t
p	5

pe	5
anb	5
tu 	5
vas	5
j v	5
lun	5
c f	5
ntf	5
o m	5
arn	5
pér	5
éro	5
iue	5
rmé	5
sur	5
mut	5
loc	5
rri	5
ime	5
vii	5
sfe	5
cem	5
j b	5
bui	5
epo	5
erd	5
idi	5
oig	5
ski	5
aul	5
ucu	5
k s	5
né 	5
ntè	5
tèr	5
leg	5
hor	5
c i	5
c s	5
i h	5
ï d	5
rna	5
b d	5
rc 	5
f a	5
oré	5
uss	5
c a	5
smo	5
tli	5
a ç	5
eco	5
nni	5
nto	5
ïre	5
çoi	5
dél	5
uvr	5
if 	5
onv	5
cia	5
etd	5

or	5
é q	5
esk	5
nfe	5
urc	5
lad	5
vet	5
acr	5
pue	5
uné	5
tab	5
iax	5
ax 	5
oil	5
llé	5
rro	5
olu	5
sun	5
unt	5
ssé	4
lin	4

sa	4

bo	4
erç	4
rç 	4

pl	4
rno	4
t
n	4
m s	4

bi	4
eag	4
hiu	4
r
a	4
 p 	4
 o 	4
i
m	4
iam	4

ja	4
oon	4
 vr	4
sve	4
as
	4
j d	4

av	4
an
	4
n
d	4
s
p	4
oeu	4
nov	4
i
a	4
epr	4
uci	4
deb	4
ebo	4

pa	4
roc	4

ap	4
los	4
s
v	4
can	4
anr	4
eha	4
onp	4
pag	4
agn	4
si
	4
c p	4
f s	4
ar
	4
 is	4
spé	4
leü	4
laq	4
aqu	4
uar	4
im 	4
ega	4
lii	4
iii	4
set	4
oié	4
alu	4
 gl	4
gla	4
cit	4
ci 	4
nne	4
lec	4
fen	4
usc	4
urq	4
rdu	4
jus	4
usq	4
nan	4
rma	4
in
	4
 cl	4
uin	4
slo	4
ida	4
kie	4
rom	4
uto	4
cav	4
uch	4
col	4
uce	4
das	4
iir	4
rac	4
b m	4
lue	4
uec	4
 vu	4
aii	4
h s	4
nga	4
x k	4
eie	4
l h	4
d e	4
uff	4
c c	4
m k	4
rgi	4
 n 	4
rèr	4
ni 	4
ed 	4
oup	4
g e	4
cea	4
 fl	4
ouc	4
lam	4
tk 	4
é i	4
ek 	4
pir	4
sos	4
tii	4
ntb	4
f p	4
nja	4
jov	4
mel	4
uvo	4
lat	4
lem	4
é n	4
h a	4
see	4
x a	4
vic	4
red	4
ido	4
nev	4
keü	4
cet	4
gai	4
 sé	4
sét	4
mag	4
deu	4
ban	4
f l	4
ich	4
ord	4
 ll	4
rdé	4
all	4
ane	4
adi	4
nit	4
aia	4

al	3
é o	3
iu
	3
u
m	3
r
q	3
 ic	3
rée	3
a
v	3
riu	3
i
q	3
n
l	3

no	3
amé	3
om
	3
bee	3
s
s	3
t
g	3
oma	3
s
m	3
ben	3
el
	3

lo	3
loÿ	3
oÿ 	3
ÿ s	3
t
t	3

ti	3
mir	3
j m	3
t
r	3
l
e	3
üse	3
jut	3
qul	3
qés	3
i
d	3
e
b	3
r h	3
kem	3
lic	3

ke	3
 oe	3
nbl	3

cr	3
r
v	3

ce	3
sco	3
nci	3
t
f	3
l ç	3

po	3
d j	3
uvé	3
da
	3
ase	3

at	3
evè	3
ova	3
n
p	3
nbr	3

te	3
meh	3
onm	3
rsa	3
npa	3
i
v	3
itc	3
s
t	3

to	3
ing	3
a
a	3
pèl	3
èle	3
tee	3

co	3
enç	3
nça	3
eci	3
m f	3
uvè	3
rat	3
nso	3
p v	3

ch	3
e
g	3

fi	3
lij	3
caï	3
meü	3
 hu	3
nss	3
gna	3
ars	3
jol	3
rét	3
tét	3
eça	3
aca	3
mpi	3
pi 	3
hui	3
uim	3
ima	3
moc	3
qes	3
gio	3
ï m	3
lab	3
mé 	3
ior	3
llu	3
rbr	3
iei	3
k p	3
c m	3
ab 	3
nno	3
cau	3
nom	3
etf	3
neü	3
reü	3
sec	3
d k	3
aci	3
 sl	3
sll	3
g c	3
uré	3
x e	3
j t	3
mee	3
bou	3
é j	3
smi	3
llo	3
oss	3
d s	3
upe	3
ind	3
f i	3
anç	3
nço	3
vui	3
iai	3
oue	3
 ça	3
tn 	3
nfl	3
spi	3
lea	3
hav	3
her	3
l q	3
enm	3
eqe	3
qer	3
urm	3
b p	3
eh 	3
noï	3
ino	3
dia	3
oso	3
 qa	3
qan	3
c t	3
x c	3
tec	3
ado	3
p s	3
nfi	3
sc 	3
ibl	3
irr	3
orr	3
ade	3
ila	3
m d	3
u g	3
tif	3
nri	3
eb 	3
sic	3
lac	3
tm 	3
ral	3
agr	3
ea 	3
rop	3
kié	3
lek	3
eem	3
sas	3
x j	3
dar	3
c n	3
rur	3
x d	3
dié	3
enj	3
ken	3
etr	3
sim	3
coz	3
oze	3
anq	3
nat	3
isé	3
heü	3
elé	3
tiv	3
leh	3
had	3
din	3
omt	2
mte	2
sé 	2

na	2

j 	2
bac	2
u
k	2

ki	2
a
s	2
ude	2
ia
	2
a
e	2
n x	2
 xv	2
xvj	2
vj 	2
ç e	2
min	2

du	2

ré	2
m
m	2
e
o	2
urb	2
til	2
nth	2
sa
	2
a
m	2
s
c	2

ca	2
ei
	2
i
s	2
mix	2
nam	2
o l	2
deü	2
e
j	2
o a	2
l
d	2
l
j	2
u
v	2
a
c	2
ki
	2

ro	2
ili	2
neo	2
t
v	2
s
q	2
v a	2
ço 	2
o q	2
dix	2

ço	2
dor	2
rmo	2
ürt	2
ara	2
blé	2
r
c	2
imm	2
tle	2
umi	2
e
k	2
i
j	2
 eg	2
egl	2
oi
	2
asa	2
oné	2
iea	2
jel	2
dep	2
no 	2
k l	2
div	2
r
e	2
i
t	2
som	2
omi	2

as	2
asé	2
s
i	2
oce	2
sd 	2
un
	2
n
a	2
d i	2
l
i	2
ntd	2
r
j	2
och	2
pa
	2
svo	2
bas	2
nal	2
n
t	2

gr	2
j h	2

ar	2
n
v	2
sfr	2
reé	2
lua	2

fe	2
fal	2
mus	2
uev	2
evr	2

lu	2
eor	2
ke
	2
t
c	2
aiv	2

gu	2
i ç	2
iet	2
s
f	2
rim	2
j o	2

v 	2
v l	2
ceü	2

pr	2
nep	2
rob	2
obe	2
spr	2
anp	2
npo	2

re	2
cla	2
nar	2
aso	2
sli	2
 gé	2
gés	2
tei	2
a
l	2
vi
	2
n
m	2
té
	2
rcl	2
ngo	2

qe	2
leç	2
pa 	2
ask	2
ü e	2
abe	2
smé	2
é c	2
pio	2
 ad	2
etc	2
 hi	2
mil	2
dil	2
 ay	2
aye	2
yen	2
efo	2
eii	2
 qi	2
qii	2
ga 	2
pei	2
n
e	2
rh 	2
h f	2
k a	2
ref	2
ffr	2
fri	2
lué	2
uth	2
nsé	2
ü l	2
épo	2
egr	2
usf	2
d g	2
u h	2
onj	2
nju	2
ui
	2
b v	2
f q	2
g v	2
ith	2
k i	2
 ei	2
b f	2
agi	2
bor	2
f f	2
sb 	2
ï l	2
dei	2
rf 	2
 ev	2
eïr	2
ièr	2
r
i	2
fla	2
gaa	2
flo	2
ote	2
stk	2
cii	2
rnè	2
acl	2
nsç	2
sço	2
etn	2
ota	2
çai	2
sfo	2
sta	2
isc	2
gro	2
ros	2
flé	2
osp	2
veé	2
ora	2
tic	2
aai	2
nia	2
chu	2
k m	2
orf	2
but	2
vem	2
oti	2
tru	2
rui	2
anj	2
e
i	2
p a	2
jen	2
çut	2
ulo	2
ini	2
rab	2
qe 	2
lig	2
c j	2
dii	2
iiu	2
uri	2
t
o	2
x p	2
é v	2
 pè	2
evo	2
npl	2
é m	2
g d	2
rib	2
nle	2
 qé	2
sit	2
b i	2
 tô	2
tôt	2
ôt 	2
usu	2
urr	2
pus	2
h l	2
rvo	2
ber	2
tum	2
ih 	2
 p
	2
auq	2
eul	2
eue	2
rré	2
y s	2
d a	2
k d	2
d c	2
unu	2
 fé	2
fér	2
pit	2
ntc	2
ueu	2
ham	2
fir	2
sig	2
ac 	2
r x	2
 x 	2
x f	2
tau	2
itb	2
dra	2
 io	2
oqu	2
vi 	2
etm	2
v e	2
u u	2
its	2
ts 	2
vig	2
inz	2
nz 	2
z l	2
aug	2
ugr	2
ffe	2
cap	2
iou	2
utu	2
poé	2
vée	2
orq	2
ï p	2
sol	2
sez	2
ez 	2
ze 	2
nsf	2
y j	2
lo 	2
atu	2
loe	2
oiv	2
nfr	2
rni	2
uf 	2
rdi	2
bap	2
apt	2
x m	2
sio	2
ici	2
g s	2
ivo	2
arv	2
fin	2
aud	2
itl	2
cai	2
iio	2
eu
	1
u
a	1
ol
	1
l
n	1
aua	1
mpo	1
tia	1
iar	1
bi 	1
dag	1
u
r	1
s
h	1

ho	1

ot	1
dea	1
ç a	1
h k	1

ge	1
l
k	1

kl	1
p m	1
joe	1
 t
	1
ex
	1
x
m	1
maï	1
aït	1
ït 	1
ul
	1
l
t	1
mad	1
ada	1
l
l	1

cu	1
ern	1
ee
	1
lut	1

eü	1
s
ç	1
o t	1
ïr
	1

qé	1

ba	1
t
ç	1
l
s	1
gli	1
eqi	1
qie	1

pu	1
enb	1
laé	1
aés	1
ovi	1
n ç	1
su
	1
u
c	1
o c	1
gly	1
lys	1
yse	1
f t	1
s &	1
 & 	1
& e	1
je
	1

dé	1
ge
	1
e
q	1
ivi	1
emb	1
leé	1
n
g	1
voé	1

be	1
euc	1
uc
	1
c
e	1
mov	1
ové	1
t
h	1

ha	1
va
	1
a
t	1
ij
	1
j
j	1
usd	1
ssu	1
sue	1
e
u	1

un	1
ve
	1
nma	1

lé	1
 bd	1
bd 	1

is	1
 i
	1
r
b	1

ai	1
esh	1
sha	1
ng 	1
g n	1
a
g	1
mib	1
iba	1

pè	1
a
b	1

tr	1

th	1
ng
	1
g
n	1
i
g	1
a
f	1

ab	1
k t	1
s
g	1
slr	1
lre	1
n
q	1
e
n	1
aré	1
au
	1
u
l	1
 j
	1
j
p	1
ecu	1
meo	1
cee	1
op
	1
p
v	1
l
f	1
vro	1
aï
	1
ï
s	1
eub	1
ube	1
be
	1
hoe	1
get	1
reb	1
ebe	1
u
q	1
ije	1
aï 	1
ï j	1
hue	1

té	1
tér	1
ére	1
asp	1
n
r	1

pi	1
ger	1
r
n	1

fu	1
v s	1
é p	1
é
f	1
goi	1

je	1
dut	1
dos	1
opa	1
stv	1
tvo	1
ci
	1
i
r	1
nu
	1
u
e	1
b q	1
r
s	1
pur	1
he
	1
olp	1
lpa	1
s
n	1
ish	1
shu	1
fue	1
doe	1
nqe	1
pia	1
iao	1
deh	1
eho	1
irn	1
rew	1
ewe	1
wes	1
am
	1
m
b	1

bl	1
ad 	1
d l	1
erb	1
c u	1
 im	1
vuu	1
uus	1
def	1
iin	1
f c	1
mii	1
dai	1
 rn	1
t y	1
 yo	1
yol	1
 n
	1
t
u	1

u 	1
nab	1
irc	1
b g	1
urh	1
utm	1
tma	1
sev	1
emu	1
gou	1
isq	1
aic	1
iél	1
k e	1
 aw	1
awi	1
wit	1
sle	1
o j	1
i
f	1
 ua	1
 tl	1
ieg	1
h v	1
evé	1
k k	1
o n	1
abo	1
bos	1
osm	1
iva	1
aub	1
ubi	1
bis	1
mot	1
ésf	1
u ç	1
ou0	1
u0 	1
0 e	1
p d	1
ç j	1
 ru	1
fio	1
efe	1
kia	1
aue	1
e
r	1

ru	1
uef	1
nsb	1
b t	1
eed	1
l u	1
erf	1
raj	1
ajo	1
keï	1
riè	1

io	1
io 	1
j n	1
aan	1
s î	1
 î 	1
î m	1
erè	1
aïr	1
kec	1
üsc	1
hif	1
rdo	1
sci	1
 pé	1
ril	1
rek	1
 jl	1
jli	1
 vê	1
vêt	1
êti	1
ceo	1
net	1
m a	1
 ex	1
exa	1
xam	1
amp	1
 fk	1
fkn	1
knd	1
 vc	1
vcn	1
cnr	1
aio	1
icr	1
cr 	1
rdè	1
hur	1
rap	1
eff	1
ffo	1
otg	1
tgr	1
orb	1
rbl	1
lik	1
ik 	1
eap	1
utp	1
tp 	1
p q	1
tr 	1
loa	1
oa
	1
rfa	1
els	1
ls 	1
f k	1
tot	1

jh	1
dév	1
évo	1
vot	1
tio	1
c g	1
h m	1
ru 	1
inc	1
 q 	1
q p	1
reç	1
eçu	1
vee	1
uvâ	1
vâm	1
âme	1
utf	1
f h	1
dee	1
g g	1
reh	1
h p	1
é
e	1
eet	1
enn	1
vec	1
onç	1
nçu	1
npe	1
n
n	1
alt	1
lta	1
ilb	1
lb 	1
rd 	1
itf	1
enq	1
y l	1
 dh	1
dhi	1
fll	1
 ee	1
eei	1
m t	1
qud	1
bid	1
daa	1
aag	1
ske	1
roe	1
oem	1
eca	1
fi 	1
ï n	1
reo	1
ils	1
lsb	1
nek	1
k v	1
omq	1
mq 	1
q i	1
sad	1
enp	1
c q	1
ésc	1
mam	1
emr	1
mr 	1
emc	1
mce	1
dac	1
upr	1
uon	1
 râ	1
râl	1
âle	1
hia	1
 lh	1
lho	1
tée	1
rsi	1
usp	1
d n	1
c ç	1
lag	1
ésa	1
faç	1
aço	1
çon	1
d m	1
urv	1
utk	1
mbi	1
dét	1
pao	1
aor	1
rus	1
rco	1
opl	1
trc	1
b k	1
heb	1
coü	1
oüs	1
uér	1
dae	1
ae 	1
rej	1
ej 	1
stâ	1
tât	1
ât 	1
sih	1
ï k	1
lei	1
etk	1
k f	1
itm	1
ésn	1
sn 	1
ü s	1
mua	1
p
f	1

fr	1
oms	1
ms 	1
uqe	1
mpe	1
uea	1
ilf	1
lf 	1
hab	1
abi	1
bit	1
tus	1
oeq	1
cov	1
kev	1
feb	1
ebl	1
y d	1
déc	1
écl	1
ieç	1
oib	1
h i	1
n
i	1

i 	1
nnu	1
anm	1
sem	1
laf	1
af 	1
ash	1
sh 	1
rty	1
tyr	1
yre	1
nis	1
 aa	1
veï	1
e w	1
 wa	1
war	1
j s	1
çot	1
mpr	1
stc	1
c o	1
rtc	1
tcr	1
nna	1
umé	1
 ka	1
kai	1
vo 	1
o f	1
anu	1
mea	1
rsd	1
aih	1
mei	1
v c	1
occ	1
cco	1
i
o	1

oq	1
loq	1
tmi	1
tua	1
oco	1
ilc	1
lc 	1
not	1
oui	1
nsc	1
tet	1
ll
	1
l
a	1
v j	1
igu	1
asq	1
rn 	1
stb	1
led	1
d v	1
eef	1
igo	1
gor	1
oll	1
nca	1
iui	1

it	1
ü q	1
hut	1
x o	1
eke	1
jan	1
euf	1
ufa	1
soï	1
d t	1
hal	1
pe 	1
sif	1
f m	1
s
o	1
miu	1
inn	1
dri	1
 ao	1
m j	1
nec	1
h c	1
icl	1
lét	1
dum	1
aié	1
inp	1
edo	1
sum	1
ïeb	1
d o	1
ïee	1
imp	1
old	1
lda	1
stf	1
roç	1
oça	1
m o	1
rvé	1
ilo	1
cev	1
z f	1
laï	1
aïe	1
loé	1
b a	1
ufn	1
fna	1
oub	1
ubl	1
bli	1
fia	1
rea	1
ink	1
nki	1
y a	1
sat	1
i
e	1
ict	1
cto	1
é b	1
oe 	1
y g	1
erp	1
rpi	1
uqu	1
f n	1
g b	1
enk	1
nke	1
uei	1
eir	1
ï ç	1
u
d	1
tll	1
lll	1
 uf	1
ufi	1
x q	1
x n	1
vié	1
keb	1
lid	1
id 	1
f b	1
iru	1
sef	1
eth	1
gag	1
ü a	1
sk 	1
z c	1
zes	1
 bé	1
bé 	1
 qo	1
qoi	1
r
k	1
rb 	1
b n	1
pte	1
dec	1
d b	1
lio	1
f r	1
dot	1
vri	1
r
l	1

cé	1
céa	1
éan	1
é f	1
euv	1
uti	1
n
c	1
b s	1
sej	1
ejo	1
 jc	1
jci	1
pti	1
 ré	1
réc	1
éco	1
sth	1
ols	1
lst	1
oen	1
ntm	1
eeh	1
ehe	1
hei	1
abé	1
bés	1
erg	1
 r 	1
spl	1
nea	1
nuf	1
orh	1
h n	1
ork	1
rk 	1
am 	1
apé	1
pé 	1
itn	1
p
n	1
tfu	1
fam	1
org	1
gei	1
kef	1
euh	1
uh 	1
noc	1
f g	1
k c	1
ï t	1
ijc	1
jco	1
m
o	1
o s	1
ouj	1
ujo	1
umo	1
mos	1
osn	1
sne	1
hos	1
biz	1
izu	1
zut	1
itr	1
trv	1
 oé	1
ï u	1
a h	1
hil	1
tut	1
y v	1
vio	1
iol	1
 ph	1
phi	1
edi	1
gea	1
eai	1
miè	1
nje	1
mul	1
ula	1
